Workbook

Sheet MS
A1: แผน/บันทึกการบำรุงรักษาเครื่องมือและห้องสะอาด (สัปดาห์/เดือน/ปี)
A2: ชื่อเครื่องมือ | B2: เครื่องกลั่นน้ำ Stilmas | H2: รหัส | I2: 0725686515050030001 | M2: สถานที่ | O2: ห้องกลั่นน้ำชั้น 6 | T2: ปี | U2: 2568 | W2: ผู้รับผิดชอบ | Z2: Stilmas, UiPS, SP Metrology
A3: รายการ | B3: เดือน | C3: ม.ค. | H3: ก.พ. | L3: มี.ค. | P3: เม.ย. | U3: พ.ค. | Z3: มิ.ย.
A4: (ความถี่) | B4: วันที่ | C4: 1-5 | D4: 6-12 | E4: 13-19 | F4: 20-26 | G4: 27-31 | H4: 1-9 | I4: 10-16 | J4: 17-23 | K4: 24-28 | L4: 1-9 | M4: 10-16 | N4: 17-23 | O4: 24-31 | P4: 1-6 | Q4: 7-13 | R4: 14-20 | S4: 21-27 | T4: 28-30 | U4: 1-4 | V4: 5-11 | W4: 12-18 | X4: 19-25 | Y4: 26-31 | Z4: 1-8 | AA4: 9-15 | AB4: 16-22 | AC4: 23-30
C5: - | D5: - | E5: - | F5: - | G5: - | H5: - | I5: - | J5: - | K5: - | L5: - | M5: - | N5: - | O5: - | P5: - | Q5: - | R5: - | S5: - | T5: - | U5: - | V5: - | W5: - | X5: - | Y5: - | Z5: - | AA5: - | AB5: - | AC5: -
A6: บำรุงรักษา (6 เดือน) | B6: แผน | S6: O
B7: ผู้ปฏิบัติ
B8: วันที่
A9: สอบเทียบอุปกรณ์ (1 ปี) | B9: แผน | S9: 26O
B10: ผู้ปฏิบัติ
B11: วันที่
B12: แผน
B13: ผู้ปฏิบัติ
B14: วันที่
A15: รายการ | B15: เดือน | C15: ก.ค. | H15: ส.ค. | L15: ก.ย. | P15: ต.ค. | U15: พ.ย. | Y15: ธ.ค.
A16: (ความถี่) | B16: วันที่ | C16: 1-6 | D16: 7-13 | E16: 14-20 | F16: 21-27 | G16: 28-31 | H16: 1-10 | I16: 11-17 | J16: 18-24 | K16: 25-31 | L16: 1-7 | M16: 8-14 | N16: 15-21 | O16: 22-30 | P16: 1-5 | Q16: 6-12 | R16: 13-19 | S16: 20-26 | T16: 27-31 | U16: 1-9 | V16: 10-16 | W16: 17-23 | X16: 24-30 | Y16: 1-7 | Z16: 8-14 | AA16: 15-21 | AB16: 22-28 | AC16: 29-31
C17: - | D17: - | E17: - | F17: - | G17: - | H17: - | I17: - | J17: - | K17: - | L17: - | M17: - | N17: - | O17: - | P17: - | Q17: - | R17: - | S17: - | T17: - | U17: - | V17: - | W17: - | X17: - | Y17: - | Z17: - | AA17: - | AB17: - | AC17: -
A18: บำรุงรักษา (6 เดือน) | B18: แผน | S18: O
B19: ผู้ปฏิบัติ
B20: วันที่
A21: สอบเทียบอุปกรณ์ (1 ปี) | B21: แผน
B22: ผู้ปฏิบัติ
B23: วันที่
B24: แผน
B25: ผู้ปฏิบัติ
B26: วันที่
A27: หมายเหตุ วงกลม (O) หมายถึง สัปดาห์ที่ต้องทำการบำรุงรักษาเครื่องมือหรือห้องสะอาด เมื่อดำเนินการตามแผนแล้ว ให้ทำเครื่องหมายถูก (/) ในวงกลมที่ระบุ
P29: จัดทำโดย | R29: พีรวัส | U29: อนุมัติโดย | W29: วรพงศ์ | Z29: วันที่ | AA29: 45748
A30: แผน/บันทึกการบำรุงรักษาเครื่องมือและห้องสะอาด (สัปดาห์/เดือน/ปี)
A31: ชื่อเครื่องมือ | B31: เครื่องกลั่นน้ำ Stilmas | H31: รหัส | I31: 0725686515050030001 | M31: สถานที่ | O31: ห้องกลั่นน้ำชั้น 6 | T31: ปี | U31: 2569 | W31: ผู้รับผิดชอบ | Z31: UiPS, SP Metrology
A32: รายการ | B32: เดือน | C32: ม.ค. | H32: ก.พ. | L32: มี.ค. | P32: เม.ย. | U32: พ.ค. | Z32: มิ.ย.
A33: (ความถี่) | B33: วันที่ | C33: 1-4 | D33: 5-11 | E33: 12-18 | F33: 19-25 | G33: 26-31 | H33: 1-7 | I33: 9-15 | J33: 16-22 | K33: 23-28 | L33: 1-8 | M33: 9-15 | N33: 16-22 | O33: 23-31 | P33: 1-5 | Q33: 6-12 | R33: 13-19 | S33: 20-26 | T33: 27-30 | U33: 1-3 | V33: 4-10 | W33: 11-17 | X33: 18-24 | Y33: 25-31 | Z33: 1-7 | AA33: 8-14 | AB33: 15-21 | AC33: 22-30
C34: - | D34: - | E34: - | F34: - | G34: - | H34: - | I34: - | J34: - | K34: - | L34: - | M34: - | N34: - | O34: - | P34: - | Q34: - | R34: - | S34: - | T34: - | U34: - | V34: - | W34: - | X34: - | Y34: - | Z34: - | AA34: - | AB34: - | AC34: -
A35: บำรุงรักษา (6 เดือน) | B35: แผน | S35: O
B36: ผู้ปฏิบัติ
B37: วันที่
A38: สอบเทียบอุปกรณ์ (1 ปี) | B38: แผน | S38: O
B39: ผู้ปฏิบัติ
B40: วันที่
B41: แผน
B42: ผู้ปฏิบัติ
B43: วันที่
A44: รายการ | B44: เดือน | C44: ก.ค. | H44: ส.ค. | L44: ก.ย. | P44: ต.ค. | U44: พ.ย. | Y44: ธ.ค.
A45: (ความถี่) | B45: วันที่ | C45: 1-5 | D45: 6-12 | E45: 13-19 | F45: 20-26 | G45: 27-31 | H45: 1-9 | I45: 10-16 | J45: 17-23 | K45: 24-31 | L45: 1-6 | M45: 7-13 | N45: 14-20 | O45: 21-30 | P45: 1-4 | Q45: 5-11 | R45: 12-18 | S45: 19-25 | T45: 26-31 | U45: 1-8 | V45: 9-15 | W45: 16-22 | X45: 23-30 | Y45: 1-6 | Z45: 7-13 | AA45: 14-20 | AB45: 21-27 | AC45: 28-31
C46: - | D46: - | E46: - | F46: - | G46: - | H46: - | I46: - | J46: - | K46: - | L46: - | M46: - | N46: - | O46: - | P46: - | Q46: - | R46: - | S46: - | T46: - | U46: - | V46: - | W46: - | X46: - | Y46: - | Z46: - | AA46: - | AB46: - | AC46: -
A47: บำรุงรักษา (6 เดือน) | B47: แผน | T47: O
B48: ผู้ปฏิบัติ
B49: วันที่
A50: สอบเทียบอุปกรณ์ (1 ปี) | B50: แผน
B51: ผู้ปฏิบัติ
B52: วันที่
B53: แผน
B54: ผู้ปฏิบัติ
B55: วันที่
A56: หมายเหตุ วงกลม (O) หมายถึง สัปดาห์ที่ต้องทำการบำรุงรักษาเครื่องมือหรือห้องสะอาด เมื่อดำเนินการตามแผนแล้ว ให้ทำเครื่องหมายถูก (/) ในวงกลมที่ระบุ
P58: จัดทำโดย | R58: พีรวัส | U58: อนุมัติโดย | W58: วรพงศ์ | Z58: วันที่ | AA58: 45748
A59: แผน/บันทึกการบำรุงรักษาเครื่องมือและห้องสะอาด (สัปดาห์/เดือน/ปี)
A60: ชื่อเครื่องมือ | B60: เครื่องกลั่นน้ำ Stilmas | H60: รหัส | I60: 0725686515050030001 | M60: สถานที่ | O60: ห้องกลั่นน้ำชั้น 6 | T60: ปี | U60: 2570 | W60: ผู้รับผิดชอบ | Z60: UiPS, SP Metrology
A61: รายการ | B61: เดือน | C61: ม.ค. | H61: ก.พ. | L61: มี.ค. | Q61: เม.ย. | V61: พ.ค. | Z61: มิ.ย.
A62: (ความถี่) | B62: วันที่ | C62: 1-3 | D62: 4-10 | E62: 11-17 | F62: 18-24 | G62: 25-31 | H62: 1-7 | I62: 8-14 | J62: 15-21 | K62: 22-28 | L62: 1-7 | M62: 8-14 | N62: 15-21 | O62: 22-28 | P62: 29-31 | Q62: 1-4 | R62: 5-11 | S62: 12-18 | T62: 19-25 | U62: 26-30 | V62: 1-9 | W62: 10-16 | X62: 17-23 | Y62: 24-31 | Z62: 1-6 | AA62: 7-13 | AB62: 14-20 | AC62: 21-30
C63: - | D63: - | E63: - | F63: - | G63: - | H63: - | I63: - | J63: - | K63: - | L63: - | M63: - | N63: - | O63: - | P63: - | Q63: - | R63: - | S63: - | T63: - | U63: - | V63: - | W63: - | X63: - | Y63: - | Z63: - | AA63: - | AB63: - | AC63: -
A64: บำรุงรักษา (6 เดือน) | B64: แผน | U64: O
B65: ผู้ปฏิบัติ
B66: วันที่
A67: สอบเทียบอุปกรณ์ (1 ปี) | B67: แผน | U67: O
B68: ผู้ปฏิบัติ
B69: วันที่
B70: แผน
B71: ผู้ปฏิบัติ
B72: วันที่
A73: รายการ | B73: เดือน | C73: ก.ค. | H73: ส.ค. | L73: ก.ย. | Q73: ต.ค. | U73: พ.ย. | Y73: ธ.ค.
A74: (ความถี่) | B74: วันที่ | C74: 1-4 | D74: 5-11 | E74: 12-18 | F74: 19-25 | G74: 26-31 | H74: 1-8 | I74: 9-15 | J74: 16-22 | K74: 23-31 | L74: 1- | M74: 6-12 | N74: 13-19 | O74: 20-26 | P74: 27-30 | Q74: 1-10 | R74: 11-17 | S74: 18-24 | T74: 25-31 | U74: 1-7 | V74: 8-14 | W74: 15-21 | X74: 22-30 | Y74: 1-5 | Z74: 6-12 | AA74: 13-19 | AB74: 20-26 | AC74: 27-31
C75: - | D75: - | E75: - | F75: - | G75: - | H75: - | I75: - | J75: - | K75: - | L75: - | M75: - | N75: - | O75: - | P75: - | Q75: - | R75: - | S75: - | T75: - | U75: - | V75: - | W75: - | X75: - | Y75: - | Z75: - | AA75: - | AB75: - | AC75: -
A76: บำรุงรักษา (6 เดือน) | B76: แผน | T76: O
B77: ผู้ปฏิบัติ
B78: วันที่
A79: สอบเทียบอุปกรณ์ (1 ปี) | B79: แผน
B80: ผู้ปฏิบัติ
B81: วันที่
B82: แผน
B83: ผู้ปฏิบัติ
B84: วันที่
A85: หมายเหตุ วงกลม (O) หมายถึง สัปดาห์ที่ต้องทำการบำรุงรักษาเครื่องมือหรือห้องสะอาด เมื่อดำเนินการตามแผนแล้ว ให้ทำเครื่องหมายถูก (/) ในวงกลมที่ระบุ
P87: จัดทำโดย | R87: พีรวัส | U87: อนุมัติโดย | W87: วรพงศ์ | Z87: วันที่ | AA87: =AA58 -> 45748

Sheet Yearly
A1: แผน/บันทึกการบำรุงรักษาเครื่องมือและห้องสะอาด (สัปดาห์/เดือน/ปี)
A2: ชื่อเครื่องมือ | B2: เครื่องพิมพ์-ตัดสายอัตโนมัติ 268. 1 | H2: รหัส | I2: SUP 44-6515-127-1 | M2: สถานที่ | O2: ห้องพิมพ์-ตัดสาย | T2: ปี | U2: 2569 | W2: ผู้รับผิดชอบ | Z2: ชาดินีย์
A3: รายการ | B3: เดือน | C3: ม.ค. | H3: ก.พ. | L3: มี.ค. | P3: เม.ย. | U3: พ.ค. | Z3: มิ.ย.
A4: (ความถี่) | B4: วันที่ | C4: 1-5 | D4: 6-12 | E4: 13-19 | F4: 20-26 | G4: 27-31 | H4: 1-9 | I4: 10-16 | J4: 17-23 | K4: 24-28 | L4: 1-9 | M4: 10-16 | N4: 17-23 | O4: 24-31 | P4: 1-6 | Q4: 7-13 | R4: 14-20 | S4: 21-27 | T4: 28-30 | U4: 1-4 | V4: 5-11 | W4: 12-18 | X4: 19-25 | Y4: 26-31 | Z4: 1-8 | AA4: 9-15 | AB4: 16-22 | AC4: 23-30
B5: น้ำยาฆ่าเชื้อ | C5: - | D5: - | E5: - | F5: - | G5: - | H5: - | I5: - | J5: - | K5: - | L5: - | M5: - | N5: - | O5: - | P5: - | Q5: - | R5: - | S5: - | T5: - | U5: - | V5: - | W5: - | X5: - | Y5: - | Z5: - | AA5: - | AB5: - | AC5: -
A6: ล้างทำความสะอาดชุดแม่พิมพ์ตัวเลข (1 ปี) | B6: แผน | X6: O
B7: ผู้ปฏิบัติ
B8: วันที่
A9: เปลี่ยนแบตเตอรี่ (1 ปี) | B9: แผน
B10: ผู้ปฏิบัติ
B11: วันที่
A12: หยอดน้ำมัน WD40 และจาระบี (1 เดือน) | B12: แผน
B13: ผู้ปฏิบัติ
B14: วันที่
A15: รายการ | B15: เดือน | C15: ก.ค. | H15: ส.ค. | L15: ก.ย. | P15: ต.ค. | U15: พ.ย. | Y15: ธ.ค.
A16: (ความถี่) | B16: วันที่ | C16: 1-6 | D16: 7-13 | E16: 14-20 | F16: 21-27 | G16: 28-31 | H16: 1-10 | I16: 11-17 | J16: 18-24 | K16: 25-31 | L16: 1-7 | M16: 8-14 | N16: 15-21 | O16: 22-30 | P16: 1-5 | Q16: 6-12 | R16: 13-19 | S16: 20-26 | T16: 27-31 | U16: 1-9 | V16: 10-16 | W16: 17-23 | X16: 24-30 | Y16: 1-7 | Z16: 8-14 | AA16: 15-21 | AB16: 22-28 | AC16: 29-31
B17: น้ำยาฆ่าเชื้อ | C17: - | D17: - | E17: - | F17: - | G17: - | H17: - | I17: - | J17: - | K17: - | L17: - | M17: - | N17: - | O17: - | P17: - | Q17: - | R17: - | S17: - | T17: - | U17: - | V17: - | W17: - | X17: - | Y17: - | Z17: - | AA17: - | AB17: - | AC17: -
A18: ล้างทำความสะอาดชุดแม่พิมพ์ตัวเลข (1 ปี) | B18: แผน
B19: ผู้ปฏิบัติ
B20: วันที่
A21: เปลี่ยนแบตเตอรี่ (1 ปี) | B21: แผน | C21: O
B22: ผู้ปฏิบัติ
B23: วันที่
A24: หยอดน้ำมัน WD40 และจาระบี (1 เดือน) | B24: แผน
B25: ผู้ปฏิบัติ
B26: วันที่
A27: หมายเหตุ วงกลม (O) หมายถึง สัปดาห์ที่ต้องทำการบำรุงรักษาเครื่องมือหรือห้องสะอาด เมื่อดำเนินการตามแผนแล้ว ให้ทำเครื่องหมายถูก (/) ในวงกลมที่ระบุ | W27: น้ำยาฆ่าเชื้อ (1) Chlorhex-C (2) Benz Cl
A28: เปลี่ยนแบตเตอรี่ (1 ปี) ครั้งล่าสุด 1/7/2568 ใช้แบต Mitsubishi 3.6V และตอนเปลี่ยนแบตให้เปิดเครื่องไว้
P29: จัดทำโดย | R29: พีรวัส | U29: อนุมัติโดย | W29: วรพงศ์ | Z29: วันที่ | AA29: 46021
A31: แผน/บันทึกการบำรุงรักษาเครื่องมือและห้องสะอาด (สัปดาห์/เดือน/ปี)
A32: ชื่อเครื่องมือ | B32: เครื่องพิมพ์-ตัดสายอัตโนมัติ 268. 2 | H32: รหัส | I32: SUP 44-6515-127-2 | M32: สถานที่ | O32: ห้องพิมพ์-ตัดสาย | T32: ปี | U32: =$U$2 -> 2569 | W32: ผู้รับผิดชอบ | Z32: ชาดินีย์
A33: รายการ | B33: เดือน | C33: ม.ค. | H33: ก.พ. | L33: มี.ค. | P33: เม.ย. | U33: พ.ค. | Z33: มิ.ย.
A34: (ความถี่) | B34: วันที่ | C34: =C4 -> 1-5 | D34: =D4 -> 6-12 | E34: =E4 -> 13-19 | F34: =F4 -> 20-26 | G34: =G4 -> 27-31 | H34: =H4 -> 1-9 | I34: =I4 -> 10-16 | J34: =J4 -> 17-23 | ... AC34: =AC4 -> 23-30
B35: น้ำยาฆ่าเชื้อ | C35: - | D35: - | E35: - | F35: - | G35: - | H35: - | I35: - | J35: - | K35: - | L35: - | M35: - | N35: - | O35: - | P35: - | Q35: - | R35: - | S35: - | T35: - | U35: - | V35: - | W35: - | X35: - | Y35: - | Z35: - | AA35: - | AB35: - | AC35: -
A36: ล้างทำความสะอาดชุดแม่พิมพ์ตัวเลข (1 ปี) | B36: แผน | X36: O
B37: ผู้ปฏิบัติ
B38: วันที่
A39: เปลี่ยนแบตเตอรี่ (1 ปี) | B39: แผน | H39: O
B40: ผู้ปฏิบัติ
B41: วันที่
A42: หยอดน้ำมัน WD40 และจาระบี (1 เดือน) | B42: แผน
B43: ผู้ปฏิบัติ
B44: วันที่
A45: รายการ | B45: เดือน | C45: ก.ค. | H45: ส.ค. | L45: ก.ย. | P45: ต.ค. | U45: พ.ย. | Y45: ธ.ค.
A46: (ความถี่) | B46: วันที่ | C46: =C16 -> 1-6 | D46: =D16 -> 7-13 | E46: =E16 -> 14-20 | F46: =F16 -> 21-27 | G46: =G16 -> 28-31 | H46: =H16 -> 1-10 | I46: =I16 -> 11-17 | J46: =J16 -> 18-24 | ... AC46: =AC16 -> 29-31
B47: น้ำยาฆ่าเชื้อ | C47: - | D47: - | E47: - | F47: - | G47: - | H47: - | I47: - | J47: - | K47: - | L47: - | M47: - | N47: - | O47: - | P47: - | Q47: - | R47: - | S47: - | T47: - | U47: - | V47: - | W47: - | X47: - | Y47: - | Z47: - | AA47: - | AB47: - | AC47: -
A48: ล้างทำความสะอาดชุดแม่พิมพ์ตัวเลข (1 ปี) | B48: แผน
B49: ผู้ปฏิบัติ
B50: วันที่
A51: เปลี่ยนแบตเตอรี่ (1 ปี) | B51: แผน
B52: ผู้ปฏิบัติ
B53: วันที่
A54: หยอดน้ำมัน WD40 และจาระบี (1 เดือน) | B54: แผน
B55: ผู้ปฏิบัติ
B56: วันที่
A57: หมายเหตุ วงกลม (O) หมายถึง สัปดาห์ที่ต้องทำการบำรุงรักษาเครื่องมือหรือห้องสะอาด เมื่อดำเนินการตามแผนแล้ว ให้ทำเครื่องหมายถูก (/) ในวงกลมที่ระบุ | W57: น้ำยาฆ่าเชื้อ (1) Chlorhex-C (2) Benz Cl
A58: เปลี่ยนแบตเตอรี่ (1 ปี) ครั้งล่าสุด 2/2/2568 ใช้แบต Mitsubishi 3.6V และตอนเปลี่ยนแบตให้เปิดเครื่องไว้
P59: จัดทำโดย | R59: =R29 -> พีรวัส | U59: อนุมัติโดย | W59: =W29 -> วรพงศ์ | Z59: วันที่ | AA59: =AA29 -> 46021
A61: แผน/บันทึกการบำรุงรักษาเครื่องมือและห้องสะอาด (สัปดาห์/เดือน/ปี)
A62: ชื่อเครื่องมือ | B62: เครื่องนึ่งฆ่าเชื้อ G4 | H62: รหัส | I62: SUP 40-6530-003 | M62: สถานที่ | O62: ห้องนึ่งฆ่าเชื้อ ชั้น 5 | T62: ปี | U62: =$U$2 -> 2569 | W62: ผู้รับผิดชอบ | Z62: ธนวัฒน์ ทศพร อนุภัทร
A63: รายการ | B63: เดือน | C63: ม.ค. | H63: ก.พ. | L63: มี.ค. | P63: เม.ย. | U63: พ.ค. | Z63: มิ.ย.
A64: (ความถี่) | B64: วันที่ | C64: =C34 -> 1-5 | D64: =D34 -> 6-12 | E64: =E34 -> 13-19 | F64: =F34 -> 20-26 | G64: =G34 -> 27-31 | H64: =H34 -> 1-9 | I64: =I34 -> 10-16 | J64: =J34 -> 17-23 | ... AC64: =AC34 -> 23-30
B65: น้ำยาฆ่าเชื้อ | C65: - | D65: - | E65: - | F65: - | G65: - | H65: - | I65: - | J65: - | K65: - | L65: - | M65: - | N65: - | O65: - | P65: - | Q65: - | R65: - | S65: - | T65: - | U65: - | V65: - | W65: - | X65: - | Y65: - | Z65: - | AA65: - | AB65: - | AC65: -
A66: ตรวจสอบและเป่าลมทำความสะอาด magnetic contactor (3 เดือน) | B66: แผน
B67: ผู้ปฏิบัติ
B68: วันที่
A69: ล้างสเตนเนอร์ (3 เดือน) | B69: แผน
B70: ผู้ปฏิบัติ
B71: วันที่
A72: บำรุงรักษาโดยบริษัท Getinge (3 เดือน) | B72: แผน
B73: ผู้ปฏิบัติ
B74: วันที่
A75: รายการ | B75: เดือน | C75: ก.ค. | H75: ส.ค. | L75: ก.ย. | P75: ต.ค. | U75: พ.ย. | Y75: ธ.ค.
A76: (ความถี่) | B76: วันที่ | C76: =C46 -> 1-6 | D76: =D46 -> 7-13 | E76: =E46 -> 14-20 | F76: =F46 -> 21-27 | G76: =G46 -> 28-31 | H76: =H46 -> 1-10 | I76: =I46 -> 11-17 | J76: =J46 -> 18-24 | ... AC76: =AC46 -> 29-31
B77: น้ำยาฆ่าเชื้อ | C77: - | D77: - | E77: - | F77: - | G77: - | H77: - | I77: - | J77: - | K77: - | L77: - | M77: - | N77: - | O77: - | P77: - | Q77: - | R77: - | S77: - | T77: - | U77: - | V77: - | W77: - | X77: - | Y77: - | Z77: - | AA77: - | AB77: - | AC77: -
A78: ตรวจสอบและเป่าลมทำความสะอาด magnetic contactor (3 เดือน) | B78: แผน
B79: ผู้ปฏิบัติ
B80: วันที่
A81: ล้างสเตนเนอร์ (3 เดือน) | B81: แผน
B82: ผู้ปฏิบัติ
B83: วันที่
A84: บำรุงรักษาโดยบริษัท Getinge (3 เดือน) | B84: แผน
B85: ผู้ปฏิบัติ
B86: วันที่
A87: หมายเหตุ วงกลม (O) หมายถึง สัปดาห์ที่ต้องทำการบำรุงรักษาเครื่องมือหรือห้องสะอาด เมื่อดำเนินการตามแผนแล้ว ให้ทำเครื่องหมายถูก (/) ในวงกลมที่ระบุ | W87: น้ำยาฆ่าเชื้อ (1) Chlorhex-C (2) Benz Cl
P89: จัดทำโดย | R89: =R29 -> พีรวัส | U89: อนุมัติโดย | W89: =W29 -> วรพงศ์ | Z89: วันที่ | AA89: =AA29 -> 46021
A91: แผน/บันทึกการบำรุงรักษาเครื่องมือและห้องสะอาด (สัปดาห์/เดือน/ปี)
A92: ชื่อเครื่องมือ | B92: เครื่องนึ่งฆ่าเชื้อ G5 | H92: รหัส | I92: SUP 45-6530-003 | M92: สถานที่ | O92: ห้องนึ่งฆ่าเชื้อ ชั้น 5 | T92: ปี | U92: =$U$2 -> 2569 | W92: ผู้รับผิดชอบ | Z92: ธนวัฒน์ ทศพร อนุภัทร
A93: รายการ | B93: เดือน | C93: ม.ค. | H93: ก.พ. | L93: มี.ค. | P93: เม.ย. | U93: พ.ค. | Z93: มิ.ย.
A94: (ความถี่) | B94: วันที่ | C94: =C64 -> 1-5 | D94: =D64 -> 6-12 | E94: =E64 -> 13-19 | F94: =F64 -> 20-26 | G94: =G64 -> 27-31 | H94: =H64 -> 1-9 | I94: =I64 -> 10-16 | J94: =J64 -> 17-23 | ... AC94: =AC64 -> 23-30
B95: น้ำยาฆ่าเชื้อ | C95: - | D95: - | E95: - | F95: - | G95: - | H95: - | I95: - | J95: - | K95: - | L95: - | M95: - | N95: - | O95: - | P95: - | Q95: - | R95: - | S95: - | T95: - | U95: - | V95: - | W95: - | X95: - | Y95: - | Z95: - | AA95: - | AB95: - | AC95: -
A96: ตรวจสอบและเป่าลมทำความสะอาด magnetic contactor (3 เดือน) | B96: แผน
B97: ผู้ปฏิบัติ
B98: วันที่
A99: ล้างสเตนเนอร์ (3 เดือน) | B99: แผน
B100: ผู้ปฏิบัติ
B101: วันที่
A102: บำรุงรักษาโดยบริษัท Getinge (3 เดือน) | B102: แผน
B103: ผู้ปฏิบัติ
B104: วันที่
...

Sheet Monthly
A1: แผน/บันทึกการบำรุงรักษาเครื่องมือและห้องสะอาด (วัน)
A2: ชื่อเครื่องมือ | B2: เครื่องพิมพ์-ตัดสายอัตโนมัติ 268. 1 | H2: รหัส | I2: SUP 44-6515-127-1 | M2: สถานที่ | O2: ห้องพิมพ์-ตัดสาย | T2: ปี | U2: 2569 | W2: ผู้รับผิดชอบ | Z2: ชาดินีย์
A3: รายการ | B3: เดือน | C3: เดือน กรกฏาคม
A4: (ความถี่) | B4: วันที่ | C4: 1 | D4: 2 | E4: 3 | F4: 4 | G4: 5 | H4: 6 | I4: 7 | J4: 8 | K4: 9 | L4: 10 | M4: 11 | N4: 12 | O4: 13 | P4: 14 | Q4: 15 | R4: 16 | S4: 17 | T4: 18 | U4: 19 | V4: 20 | W4: 21 | X4: 22 | Y4: 23 | Z4: 24 | AA4: 25 | AB4: 26 | AC4: 27 | AD4: 28 | AE4: 29 | AF4: 30 | AG4: 31
B5: น้ำยาฆ่าเชื้อ | C5: =_xlfn.IFNA(IF(OR(C4="",C4=0),"",(VLOOKUP(B5,'น้ำยา-เครื่อง'!$A:$AF,C4+1,FALSE))),"") -> 1 | D5: =_xlfn.IFNA(IF(OR(D4="",D4=0),"",(VLOOKUP(B5,'น้ำยา-เครื่อง'!$A:$AF,D4+1,FALSE))),"") -> 1 | E5: =_xlfn.IFNA(IF(OR(E4="",E4=0),"",(VLOOKUP(B5,'น้ำยา-เครื่อง'!$A:$AF,E4+1,FALSE))),"") -> 1 | F5: =_xlfn.IFNA(IF(OR(F4="",F4=0),"",(VLOOKUP(B5,'น้ำยา-เครื่อง'!$A:$AF,F4+1,FALSE))),"") -> 0 | G5: =_xlfn.IFNA(IF(OR(G4="",G4=0),"",(VLOOKUP(B5,'น้ำยา-เครื่อง'!$A:$AF,G4+1,FALSE))),"") -> 0 | H5: =_xlfn.IFNA(IF(OR(H4="",H4=0),"",(VLOOKUP(B5,'น้ำยา-เครื่อง'!$A:$AF,H4+1,FALSE))),"") -> 2 | I5: =_xlfn.IFNA(IF(OR(I4="",I4=0),"",(VLOOKUP(B5,'น้ำยา-เครื่อง'!$A:$AF,I4+1,FALSE))),"") -> 2 | J5: =_xlfn.IFNA(IF(OR(J4="",J4=0),"",(VLOOKUP(B5,'น้ำยา-เครื่อง'!$A:$AF,J4+1,FALSE))),"") -> 2 | K5: =_xlfn.IFNA(IF(OR(K4="",K4=0),"",(VLOOKUP(B5,'น้ำยา-เครื่อง'!$A:$AF,K4+1,FALSE))),"") -> 2 | L5: =_xlfn.IFNA(IF(OR(L4="",L4=0),"",(VLOOKUP(B5,'น้ำยา-เครื่อง'!$A:$AF,L4+1,FALSE))),"") -> 2 | M5: =_xlfn.IFNA(IF(OR(M4="",M4=0),"",(VLOOKUP(B5,'น้ำยา-เครื่อง'!$A:$AF,M4+1,FALSE))),"") -> 0 | N5: =_xlfn.IFNA(IF(OR(N4="",N4=0),"",(VLOOKUP(B5,'น้ำยา-เครื่อง'!$A:$AF,N4+1,FALSE))),"") -> 0 | O5: =_xlfn.IFNA(IF(OR(O4="",O4=0),"",(VLOOKUP(B5,'น้ำยา-เครื่อง'!$A:$AF,O4+1,FALSE))),"") -> 1 | P5: =_xlfn.IFNA(IF(OR(P4="",P4=0),"",(VLOOKUP(B5,'น้ำยา-เครื่อง'!$A:$AF,P4+1,FALSE))),"") -> 1 | Q5: =_xlfn.IFNA(IF(OR(Q4="",Q4=0),"",(VLOOKUP(B5,'น้ำยา-เครื่อง'!$A:$AF,Q4+1,FALSE))),"") -> 1 | R5: =_xlfn.IFNA(IF(OR(R4="",R4=0),"",(VLOOKUP(B5,'น้ำยา-เครื่อง'!$A:$AF,R4+1,FALSE))),"") -> 1 | S5: =_xlfn.IFNA(IF(OR(S4="",S4=0),"",(VLOOKUP(B5,'น้ำยา-เครื่อง'!$A:$AF,S4+1,FALSE))),"") -> 1 | T5: =_xlfn.IFNA(IF(OR(T4="",T4=0),"",(VLOOKUP(B5,'น้ำยา-เครื่อง'!$A:$AF,T4+1,FALSE))),"") -> 0 | U5: =_xlfn.IFNA(IF(OR(U4="",U4=0),"",(VLOOKUP(B5,'น้ำยา-เครื่อง'!$A:$AF,U4+1,FALSE))),"") -> 0 | V5: =_xlfn.IFNA(IF(OR(V4="",V4=0),"",(VLOOKUP(B5,'น้ำยา-เครื่อง'!$A:$AF,V4+1,FALSE))),"") -> 2 | W5: =_xlfn.IFNA(IF(OR(W4="",W4=0),"",(VLOOKUP(B5,'น้ำยา-เครื่อง'!$A:$AF,W4+1,FALSE))),"") -> 2 | X5: =_xlfn.IFNA(IF(OR(X4="",X4=0),"",(VLOOKUP(B5,'น้ำยา-เครื่อง'!$A:$AF,X4+1,FALSE))),"") -> 2 | Y5: =_xlfn.IFNA(IF(OR(Y4="",Y4=0),"",(VLOOKUP(B5,'น้ำยา-เครื่อง'!$A:$AF,Y4+1,FALSE))),"") -> 2 | Z5: =_xlfn.IFNA(IF(OR(Z4="",Z4=0),"",(VLOOKUP(B5,'น้ำยา-เครื่อง'!$A:$AF,Z4+1,FALSE))),"") -> 2 | AA5: =_xlfn.IFNA(IF(OR(AA4="",AA4=0),"",(VLOOKUP(B5,'น้ำยา-เครื่อง'!$A:$AF,AA4+1,FALSE))),"") -> 0 | AB5: =_xlfn.IFNA(IF(OR(AB4="",AB4=0),"",(VLOOKUP(B5,'น้ำยา-เครื่อง'!$A:$AF,AB4+1,FALSE))),"") -> 0 | AC5: =_xlfn.IFNA(IF(OR(AC4="",AC4=0),"",(VLOOKUP(B5,'น้ำยา-เครื่อง'!$A:$AF,AC4+1,FALSE))),"") -> 1 | AD5: =_xlfn.IFNA(IF(OR(AD4="",AD4=0),"",(VLOOKUP(B5,'น้ำยา-เครื่อง'!$A:$AF,AD4+1,FALSE))),"") -> 1 | AE5: =_xlfn.IFNA(IF(OR(AE4="",AE4=0),"",(VLOOKUP(B5,'น้ำยา-เครื่อง'!$A:$AF,AE4+1,FALSE))),"") -> 1 | AF5: =_xlfn.IFNA(IF(OR(AF4="",AF4=0),"",(VLOOKUP(B5,'น้ำยา-เครื่อง'!$A:$AF,AF4+1,FALSE))),"") -> 1 | AG5: =_xlfn.IFNA(IF(OR(AG4="",AG4=0),"",(VLOOKUP(B5,'น้ำยา-เครื่อง'!$A:$AF,AG4+1,FALSE))),"") -> 1
A6: เช็ดทำความสะอาดเครื่องด้วย Alcohol 95 % (วันที่ใช้งาน) | B6: แผน
B7: ผู้ปฏิบัติ
B9: แผน
B10: ผู้ปฏิบัติ
B12: แผน
B13: ผู้ปฏิบัติ
A15: รายการ | B15: เดือน | C15: เดือน สิงหาคม
A16: (ความถี่) | B16: วันที่ | C16: 1 | D16: 2 | E16: 3 | F16: 4 | G16: 5 | H16: 6 | I16: 7 | J16: 8 | K16: 9 | L16: 10 | M16: 11 | N16: 12 | O16: 13 | P16: 14 | Q16: 15 | R16: 16 | S16: 17 | T16: 18 | U16: 19 | V16: 20 | W16: 21 | X16: 22 | Y16: 23 | Z16: 24 | AA16: 25 | AB16: 26 | AC16: 27 | AD16: 28 | AE16: 29 | AF16: 30
B17: น้ำยาฆ่าเชื้อ | C17: =_xlfn.IFNA(IF(OR(C16="",C16=0),"",(VLOOKUP($B17,'น้ำยา-เครื่อง'!$A$14:$AF$23,C16+1,FALSE))),"") -> 0 | D17: =_xlfn.IFNA(IF(OR(D16="",D16=0),"",(VLOOKUP($B17,'น้ำยา-เครื่อง'!$A$14:$AF$23,D16+1,FALSE))),"") -> 0 | E17: =_xlfn.IFNA(IF(OR(E16="",E16=0),"",(VLOOKUP($B17,'น้ำยา-เครื่อง'!$A$14:$AF$23,E16+1,FALSE))),"") -> 2 | F17: =_xlfn.IFNA(IF(OR(F16="",F16=0),"",(VLOOKUP($B17,'น้ำยา-เครื่อง'!$A$14:$AF$23,F16+1,FALSE))),"") -> 2 | G17: =_xlfn.IFNA(IF(OR(G16="",G16=0),"",(VLOOKUP($B17,'น้ำยา-เครื่อง'!$A$14:$AF$23,G16+1,FALSE))),"") -> 2 | H17: =_xlfn.IFNA(IF(OR(H16="",H16=0),"",(VLOOKUP($B17,'น้ำยา-เครื่อง'!$A$14:$AF$23,H16+1,FALSE))),"") -> 2 | I17: =_xlfn.IFNA(IF(OR(I16="",I16=0),"",(VLOOKUP($B17,'น้ำยา-เครื่อง'!$A$14:$AF$23,I16+1,FALSE))),"") -> 2 | J17: =_xlfn.IFNA(IF(OR(J16="",J16=0),"",(VLOOKUP($B17,'น้ำยา-เครื่อง'!$A$14:$AF$23,J16+1,FALSE))),"") -> 0 | ... AG17: =_xlfn.IFNA(IF(OR(AG16="",AG16=0),"",(VLOOKUP($B17,'น้ำยา-เครื่อง'!$A$14:$AF$23,AG16+1,FALSE))),"")
A18: เช็ดทำความสะอาดเครื่องด้วย Alcohol 95 % (วันที่ใช้งาน) | B18: แผน
B19: ผู้ปฏิบัติ
B21: แผน
B22: ผู้ปฏิบัติ
B24: แผน
B25: ผู้ปฏิบัติ
A27: หมายเหตุ วงกลม (O) หมายถึง สัปดาห์ที่ต้องทำการบำรุงรักษาเครื่องมือหรือห้องสะอาด เมื่อดำเนินการตามแผนแล้ว ให้ทำเครื่องหมายถูก (/) ในวงกลมที่ระบุ | W27: น้ำยาฆ่าเชื้อ (1) Chlorhex - C (2) Benz Cl
P29: จัดทำโดย | R29: พีรวัส | U29: อนุมัติโดย | W29: วรพงศ์ | Z29: วันที่ | AA29: 46204
A31: แผน/บันทึกการบำรุงรักษาเครื่องมือและห้องสะอาด (วัน)
A32: ชื่อเครื่องมือ | B32: เครื่องพิมพ์-ตัดสายอัตโนมัติ 268. 2 | H32: รหัส | I32: SUP 44-6515-127-2 | M32: สถานที่ | O32: ห้องพิมพ์-ตัดสาย | T32: ปี | U32: =$U$2 -> 2569 | W32: ผู้รับผิดชอบ | Z32: ชาดินีย์
A33: รายการ | B33: เดือน | C33: =C3 -> เดือน กรกฏาคม
A34: (ความถี่) | B34: วันที่ | C34: =C4 -> 1 | D34: =D4 -> 2 | E34: =E4 -> 3 | F34: =F4 -> 4 | G34: =G4 -> 5 | H34: =H4 -> 6 | I34: =I4 -> 7 | J34: =J4 -> 8 | ... AG34: =AG4 -> 31
B35: น้ำยาฆ่าเชื้อ | C35: =_xlfn.IFNA(IF(OR(C34="",C34=0),"",(VLOOKUP(B35,'น้ำยา-เครื่อง'!$A:$AF,C34+1,FALSE))),"") -> 1 | D35: =_xlfn.IFNA(IF(OR(D34="",D34=0),"",(VLOOKUP(B35,'น้ำยา-เครื่อง'!$A:$AF,D34+1,FALSE))),"") -> 1 | E35: =_xlfn.IFNA(IF(OR(E34="",E34=0),"",(VLOOKUP(B35,'น้ำยา-เครื่อง'!$A:$AF,E34+1,FALSE))),"") -> 1 | F35: =_xlfn.IFNA(IF(OR(F34="",F34=0),"",(VLOOKUP(B35,'น้ำยา-เครื่อง'!$A:$AF,F34+1,FALSE))),"") -> 0 | G35: =_xlfn.IFNA(IF(OR(G34="",G34=0),"",(VLOOKUP(B35,'น้ำยา-เครื่อง'!$A:$AF,G34+1,FALSE))),"") -> 0 | H35: =_xlfn.IFNA(IF(OR(H34="",H34=0),"",(VLOOKUP(B35,'น้ำยา-เครื่อง'!$A:$AF,H34+1,FALSE))),"") -> 2 | I35: =_xlfn.IFNA(IF(OR(I34="",I34=0),"",(VLOOKUP(B35,'น้ำยา-เครื่อง'!$A:$AF,I34+1,FALSE))),"") -> 2 | J35: =_xlfn.IFNA(IF(OR(J34="",J34=0),"",(VLOOKUP(B35,'น้ำยา-เครื่อง'!$A:$AF,J34+1,FALSE))),"") -> 2 | K35: =_xlfn.IFNA(IF(OR(K34="",K34=0),"",(VLOOKUP(B35,'น้ำยา-เครื่อง'!$A:$AF,K34+1,FALSE))),"") -> 2 | L35: =_xlfn.IFNA(IF(OR(L34="",L34=0),"",(VLOOKUP(B35,'น้ำยา-เครื่อง'!$A:$AF,L34+1,FALSE))),"") -> 2 | M35: =_xlfn.IFNA(IF(OR(M34="",M34=0),"",(VLOOKUP(B35,'น้ำยา-เครื่อง'!$A:$AF,M34+1,FALSE))),"") -> 0 | N35: =_xlfn.IFNA(IF(OR(N34="",N34=0),"",(VLOOKUP(B35,'น้ำยา-เครื่อง'!$A:$AF,N34+1,FALSE))),"") -> 0 | O35: =_xlfn.IFNA(IF(OR(O34="",O34=0),"",(VLOOKUP(B35,'น้ำยา-เครื่อง'!$A:$AF,O34+1,FALSE))),"") -> 1 | P35: =_xlfn.IFNA(IF(OR(P34="",P34=0),"",(VLOOKUP(B35,'น้ำยา-เครื่อง'!$A:$AF,P34+1,FALSE))),"") -> 1 | Q35: =_xlfn.IFNA(IF(OR(Q34="",Q34=0),"",(VLOOKUP(B35,'น้ำยา-เครื่อง'!$A:$AF,Q34+1,FALSE))),"") -> 1 | R35: =_xlfn.IFNA(IF(OR(R34="",R34=0),"",(VLOOKUP(B35,'น้ำยา-เครื่อง'!$A:$AF,R34+1,FALSE))),"") -> 1 | S35: =_xlfn.IFNA(IF(OR(S34="",S34=0),"",(VLOOKUP(B35,'น้ำยา-เครื่อง'!$A:$AF,S34+1,FALSE))),"") -> 1 | T35: =_xlfn.IFNA(IF(OR(T34="",T34=0),"",(VLOOKUP(B35,'น้ำยา-เครื่อง'!$A:$AF,T34+1,FALSE))),"") -> 0 | U35: =_xlfn.IFNA(IF(OR(U34="",U34=0),"",(VLOOKUP(B35,'น้ำยา-เครื่อง'!$A:$AF,U34+1,FALSE))),"") -> 0 | V35: =_xlfn.IFNA(IF(OR(V34="",V34=0),"",(VLOOKUP(B35,'น้ำยา-เครื่อง'!$A:$AF,V34+1,FALSE))),"") -> 2 | W35: =_xlfn.IFNA(IF(OR(W34="",W34=0),"",(VLOOKUP(B35,'น้ำยา-เครื่อง'!$A:$AF,W34+1,FALSE))),"") -> 2 | X35: =_xlfn.IFNA(IF(OR(X34="",X34=0),"",(VLOOKUP(B35,'น้ำยา-เครื่อง'!$A:$AF,X34+1,FALSE))),"") -> 2 | Y35: =_xlfn.IFNA(IF(OR(Y34="",Y34=0),"",(VLOOKUP(B35,'น้ำยา-เครื่อง'!$A:$AF,Y34+1,FALSE))),"") -> 2 | Z35: =_xlfn.IFNA(IF(OR(Z34="",Z34=0),"",(VLOOKUP(B35,'น้ำยา-เครื่อง'!$A:$AF,Z34+1,FALSE))),"") -> 2 | AA35: =_xlfn.IFNA(IF(OR(AA34="",AA34=0),"",(VLOOKUP(B35,'น้ำยา-เครื่อง'!$A:$AF,AA34+1,FALSE))),"") -> 0 | AB35: =_xlfn.IFNA(IF(OR(AB34="",AB34=0),"",(VLOOKUP(B35,'น้ำยา-เครื่อง'!$A:$AF,AB34+1,FALSE))),"") -> 0 | AC35: =_xlfn.IFNA(IF(OR(AC34="",AC34=0),"",(VLOOKUP(B35,'น้ำยา-เครื่อง'!$A:$AF,AC34+1,FALSE))),"") -> 1 | AD35: =_xlfn.IFNA(IF(OR(AD34="",AD34=0),"",(VLOOKUP(B35,'น้ำยา-เครื่อง'!$A:$AF,AD34+1,FALSE))),"") -> 1 | AE35: =_xlfn.IFNA(IF(OR(AE34="",AE34=0),"",(VLOOKUP(B35,'น้ำยา-เครื่อง'!$A:$AF,AE34+1,FALSE))),"") -> 1 | AF35: =_xlfn.IFNA(IF(OR(AF34="",AF34=0),"",(VLOOKUP(B35,'น้ำยา-เครื่อง'!$A:$AF,AF34+1,FALSE))),"") -> 1 | AG35: =_xlfn.IFNA(IF(OR(AG34="",AG34=0),"",(VLOOKUP(B35,'น้ำยา-เครื่อง'!$A:$AF,AG34+1,FALSE))),"") -> 1
A36: เช็ดทำความสะอาดเครื่องด้วย Alcohol 95 % (วันที่ใช้งาน) | B36: แผน
B37: ผู้ปฏิบัติ
A39: หยอดน้ำมัน WD40 (3 วัน) | B39: แผน
B40: ผู้ปฏิบัติ
A42: หยอดน้ำมันจารบี (1 สัปดาห์) | B42: แผน
B43: ผู้ปฏิบัติ
A45: รายการ | B45: เดือน | C45: =C15 -> เดือน สิงหาคม
A46: (ความถี่) | B46: วันที่ | C46: =C16 -> 1 | D46: =D16 -> 2 | E46: =E16 -> 3 | F46: =F16 -> 4 | G46: =G16 -> 5 | H46: =H16 -> 6 | I46: =I16 -> 7 | J46: =J16 -> 8 | ... AG46: =AG16 -> 0
B47: น้ำยาฆ่าเชื้อ | C47: =_xlfn.IFNA(IF(OR(C46="",C46=0),"",(VLOOKUP($B47,'น้ำยา-เครื่อง'!$A$14:$AF$23,C46+1,FALSE))),"") -> 0 | D47: =_xlfn.IFNA(IF(OR(D46="",D46=0),"",(VLOOKUP($B47,'น้ำยา-เครื่อง'!$A$14:$AF$23,D46+1,FALSE))),"") -> 0 | E47: =_xlfn.IFNA(IF(OR(E46="",E46=0),"",(VLOOKUP($B47,'น้ำยา-เครื่อง'!$A$14:$AF$23,E46+1,FALSE))),"") -> 2 | F47: =_xlfn.IFNA(IF(OR(F46="",F46=0),"",(VLOOKUP($B47,'น้ำยา-เครื่อง'!$A$14:$AF$23,F46+1,FALSE))),"") -> 2 | G47: =_xlfn.IFNA(IF(OR(G46="",G46=0),"",(VLOOKUP($B47,'น้ำยา-เครื่อง'!$A$14:$AF$23,G46+1,FALSE))),"") -> 2 | H47: =_xlfn.IFNA(IF(OR(H46="",H46=0),"",(VLOOKUP($B47,'น้ำยา-เครื่อง'!$A$14:$AF$23,H46+1,FALSE))),"") -> 2 | I47: =_xlfn.IFNA(IF(OR(I46="",I46=0),"",(VLOOKUP($B47,'น้ำยา-เครื่อง'!$A$14:$AF$23,I46+1,FALSE))),"") -> 2 | J47: =_xlfn.IFNA(IF(OR(J46="",J46=0),"",(VLOOKUP($B47,'น้ำยา-เครื่อง'!$A$14:$AF$23,J46+1,FALSE))),"") -> 0 | ... AG47: =_xlfn.IFNA(IF(OR(AG46="",AG46=0),"",(VLOOKUP($B47,'น้ำยา-เครื่อง'!$A$14:$AF$23,AG46+1,FALSE))),"")
A48: เช็ดทำความสะอาดเครื่องด้วย Alcohol 95 % (วันที่ใช้งาน) | B48: แผน
B49: ผู้ปฏิบัติ
A51: หยอดน้ำมัน WD40 (3 วัน) | B51: แผน
B52: ผู้ปฏิบัติ
A54: หยอดน้ำมันจารบี (1 สัปดาห์) | B54: แผน
B55: ผู้ปฏิบัติ
A57: หมายเหตุ วงกลม (O) หมายถึง สัปดาห์ที่ต้องทำการบำรุงรักษาเครื่องมือหรือห้องสะอาด เมื่อดำเนินการตามแผนแล้ว ให้ทำเครื่องหมายถูก (/) ในวงกลมที่ระบุ | W57: น้ำยาฆ่าเชื้อ (1) Chlorhex - C (2) Benz Cl
P59: จัดทำโดย | R59: =IF(R29=0,"",R29) -> พีรวัส | U59: อนุมัติโดย | W59: =IF(W29=0,"",W29) -> วรพงศ์ | Z59: วันที่ | AA59: =IF(AA29=0,"",AA29) -> 46204
A61: แผน/บันทึกการบำรุงรักษาเครื่องมือและห้องสะอาด (วัน)
A62: ชื่อเครื่องมือ | B62: เครื่องบรรจุน้ำยา Plumatex 2 | H62: รหัส | I62: 0725636515047250001 | M62: สถานที่ | O62: ห้องบรรจุน้ำยา | T62: ปี | U62: =$U$2 -> 2569 | W62: ผู้รับผิดชอบ | Z62: เครือวัลย์ เปรมฤดี
A63: รายการ | B63: เดือน | C63: =C33 -> เดือน กรกฏาคม
A64: (ความถี่) | B64: วันที่ | C64: =C34 -> 1 | D64: =D34 -> 2 | E64: =E34 -> 3 | F64: =F34 -> 4 | G64: =G34 -> 5 | H64: =H34 -> 6 | I64: =I34 -> 7 | J64: =J34 -> 8 | ... AG64: =AG34 -> 31
B65: น้ำยาฆ่าเชื้อ | C65: =_xlfn.IFNA(IF(OR(C64="",C64=0),"",(VLOOKUP(B65,'น้ำยา-เครื่อง'!$A:$AF,C64+1,FALSE))),"") -> 1 | D65: =_xlfn.IFNA(IF(OR(D64="",D64=0),"",(VLOOKUP(B65,'น้ำยา-เครื่อง'!$A:$AF,D64+1,FALSE))),"") -> 1 | E65: =_xlfn.IFNA(IF(OR(E64="",E64=0),"",(VLOOKUP(B65,'น้ำยา-เครื่อง'!$A:$AF,E64+1,FALSE))),"") -> 1 | F65: =_xlfn.IFNA(IF(OR(F64="",F64=0),"",(VLOOKUP(B65,'น้ำยา-เครื่อง'!$A:$AF,F64+1,FALSE))),"") -> 0 | G65: =_xlfn.IFNA(IF(OR(G64="",G64=0),"",(VLOOKUP(B65,'น้ำยา-เครื่อง'!$A:$AF,G64+1,FALSE))),"") -> 0 | H65: =_xlfn.IFNA(IF(OR(H64="",H64=0),"",(VLOOKUP(B65,'น้ำยา-เครื่อง'!$A:$AF,H64+1,FALSE))),"") -> 2 | I65: =_xlfn.IFNA(IF(OR(I64="",I64=0),"",(VLOOKUP(B65,'น้ำยา-เครื่อง'!$A:$AF,I64+1,FALSE))),"") -> 2 | J65: =_xlfn.IFNA(IF(OR(J64="",J64=0),"",(VLOOKUP(B65,'น้ำยา-เครื่อง'!$A:$AF,J64+1,FALSE))),"") -> 2 | K65: =_xlfn.IFNA(IF(OR(K64="",K64=0),"",(VLOOKUP(B65,'น้ำยา-เครื่อง'!$A:$AF,K64+1,FALSE))),"") -> 2 | L65: =_xlfn.IFNA(IF(OR(L64="",L64=0),"",(VLOOKUP(B65,'น้ำยา-เครื่อง'!$A:$AF,L64+1,FALSE))),"") -> 2 | M65: =_xlfn.IFNA(IF(OR(M64="",M64=0),"",(VLOOKUP(B65,'น้ำยา-เครื่อง'!$A:$AF,M64+1,FALSE))),"") -> 0 | N65: =_xlfn.IFNA(IF(OR(N64="",N64=0),"",(VLOOKUP(B65,'น้ำยา-เครื่อง'!$A:$AF,N64+1,FALSE))),"") -> 0 | O65: =_xlfn.IFNA(IF(OR(O64="",O64=0),"",(VLOOKUP(B65,'น้ำยา-เครื่อง'!$A:$AF,O64+1,FALSE))),"") -> 1 | P65: =_xlfn.IFNA(IF(OR(P64="",P64=0),"",(VLOOKUP(B65,'น้ำยา-เครื่อง'!$A:$AF,P64+1,FALSE))),"") -> 1 | Q65: =_xlfn.IFNA(IF(OR(Q64="",Q64=0),"",(VLOOKUP(B65,'น้ำยา-เครื่อง'!$A:$AF,Q64+1,FALSE))),"") -> 1 | R65: =_xlfn.IFNA(IF(OR(R64="",R64=0),"",(VLOOKUP(B65,'น้ำยา-เครื่อง'!$A:$AF,R64+1,FALSE))),"") -> 1 | S65: =_xlfn.IFNA(IF(OR(S64="",S64=0),"",(VLOOKUP(B65,'น้ำยา-เครื่อง'!$A:$AF,S64+1,FALSE))),"") -> 1 | T65: =_xlfn.IFNA(IF(OR(T64="",T64=0),"",(VLOOKUP(B65,'น้ำยา-เครื่อง'!$A:$AF,T64+1,FALSE))),"") -> 0 | U65: =_xlfn.IFNA(IF(OR(U64="",U64=0),"",(VLOOKUP(B65,'น้ำยา-เครื่อง'!$A:$AF,U64+1,FALSE))),"") -> 0 | V65: =_xlfn.IFNA(IF(OR(V64="",V64=0),"",(VLOOKUP(B65,'น้ำยา-เครื่อง'!$A:$AF,V64+1,FALSE))),"") -> 2 | W65: =_xlfn.IFNA(IF(OR(W64="",W64=0),"",(VLOOKUP(B65,'น้ำยา-เครื่อง'!$A:$AF,W64+1,FALSE))),"") -> 2 | X65: =_xlfn.IFNA(IF(OR(X64="",X64=0),"",(VLOOKUP(B65,'น้ำยา-เครื่อง'!$A:$AF,X64+1,FALSE))),"") -> 2 | Y65: =_xlfn.IFNA(IF(OR(Y64="",Y64=0),"",(VLOOKUP(B65,'น้ำยา-เครื่อง'!$A:$AF,Y64+1,FALSE))),"") -> 2 | Z65: =_xlfn.IFNA(IF(OR(Z64="",Z64=0),"",(VLOOKUP(B65,'น้ำยา-เครื่อง'!$A:$AF,Z64+1,FALSE))),"") -> 2 | AA65: =_xlfn.IFNA(IF(OR(AA64="",AA64=0),"",(VLOOKUP(B65,'น้ำยา-เครื่อง'!$A:$AF,AA64+1,FALSE))),"") -> 0 | AB65: =_xlfn.IFNA(IF(OR(AB64="",AB64=0),"",(VLOOKUP(B65,'น้ำยา-เครื่อง'!$A:$AF,AB64+1,FALSE))),"") -> 0 | AC65: =_xlfn.IFNA(IF(OR(AC64="",AC64=0),"",(VLOOKUP(B65,'น้ำยา-เครื่อง'!$A:$AF,AC64+1,FALSE))),"") -> 1 | AD65: =_xlfn.IFNA(IF(OR(AD64="",AD64=0),"",(VLOOKUP(B65,'น้ำยา-เครื่อง'!$A:$AF,AD64+1,FALSE))),"") -> 1 | AE65: =_xlfn.IFNA(IF(OR(AE64="",AE64=0),"",(VLOOKUP(B65,'น้ำยา-เครื่อง'!$A:$AF,AE64+1,FALSE))),"") -> 1 | AF65: =_xlfn.IFNA(IF(OR(AF64="",AF64=0),"",(VLOOKUP(B65,'น้ำยา-เครื่อง'!$A:$AF,AF64+1,FALSE))),"") -> 1 | AG65: =_xlfn.IFNA(IF(OR(AG64="",AG64=0),"",(VLOOKUP(B65,'น้ำยา-เครื่อง'!$A:$AF,AG64+1,FALSE))),"") -> 1
A66: เช็ดทำความสะอาดด้วย alcohol 70% ชนิดกรอง , ทำ CIP ด้วย WFI, Drain น้ำ (วันที่ใช้งาน) | B66: แผน | C66: O | I66: O | J66: O | K66: O | P66: O | Q66: O | R66: O | W66: O | X66: O | Y66: O
B67: ผู้ปฏิบัติ
A69: ฆ่าเชื้อด้วย SIP ( 1 สัปดาห์) | B69: แผน | H69: O | O69: O | V69: O
B70: ผู้ปฏิบัติ
B72: แผน
B73: ผู้ปฏิบัติ
A75: รายการ | B75: เดือน | C75: =C45 -> เดือน สิงหาคม
A76: (ความถี่) | B76: วันที่ | C76: =C46 -> 1 | D76: =D46 -> 2 | E76: =E46 -> 3 | F76: =F46 -> 4 | G76: =G46 -> 5 | H76: =H46 -> 6 | I76: =I46 -> 7 | J76: =J46 -> 8 | ... AG76: =AG46 -> 0
B77: น้ำยาฆ่าเชื้อ | C77: =_xlfn.IFNA(IF(OR(C76="",C76=0),"",(VLOOKUP($B77,'น้ำยา-เครื่อง'!$A$14:$AF$23,C76+1,FALSE))),"") -> 0 | D77: =_xlfn.IFNA(IF(OR(D76="",D76=0),"",(VLOOKUP($B77,'น้ำยา-เครื่อง'!$A$14:$AF$23,D76+1,FALSE))),"") -> 0 | E77: =_xlfn.IFNA(IF(OR(E76="",E76=0),"",(VLOOKUP($B77,'น้ำยา-เครื่อง'!$A$14:$AF$23,E76+1,FALSE))),"") -> 2 | F77: =_xlfn.IFNA(IF(OR(F76="",F76=0),"",(VLOOKUP($B77,'น้ำยา-เครื่อง'!$A$14:$AF$23,F76+1,FALSE))),"") -> 2 | G77: =_xlfn.IFNA(IF(OR(G76="",G76=0),"",(VLOOKUP($B77,'น้ำยา-เครื่อง'!$A$14:$AF$23,G76+1,FALSE))),"") -> 2 | H77: =_xlfn.IFNA(IF(OR(H76="",H76=0),"",(VLOOKUP($B77,'น้ำยา-เครื่อง'!$A$14:$AF$23,H76+1,FALSE))),"") -> 2 | I77: =_xlfn.IFNA(IF(OR(I76="",I76=0),"",(VLOOKUP($B77,'น้ำยา-เครื่อง'!$A$14:$AF$23,I76+1,FALSE))),"") -> 2 | J77: =_xlfn.IFNA(IF(OR(J76="",J76=0),"",(VLOOKUP($B77,'น้ำยา-เครื่อง'!$A$14:$AF$23,J76+1,FALSE))),"") -> 0 | ... AG77: =_xlfn.IFNA(IF(OR(AG76="",AG76=0),"",(VLOOKUP($B77,'น้ำยา-เครื่อง'!$A$14:$AF$23,AG76+1,FALSE))),"")
A78: เช็ดทำความสะอาดด้วย alcohol 70% ชนิดกรอง , ทำ CIP ด้วย WFI, Drain น้ำ (วันที่ใช้งาน) | B78: แผน | F78: O | G78: O | H78: O | O78: O | P78: O | T78: O | U78: O | V78: O | AA78: O | AB78: O
B79: ผู้ปฏิบัติ
A81: ฆ่าเชื้อด้วย SIP ( 1 สัปดาห์) | B81: แผน | E81: O | N81: O | S81: O | Z81: O
B82: ผู้ปฏิบัติ
B84: แผน
B85: ผู้ปฏิบัติ
A87: หมายเหตุ วงกลม (O) หมายถึง สัปดาห์ที่ต้องทำการบำรุงรักษาเครื่องมือหรือห้องสะอาด เมื่อดำเนินการตามแผนแล้ว ให้ทำเครื่องหมายถูก (/) ในวงกลมที่ระบุ | W87: น้ำยาฆ่าเชื้อ (1) Chlorhex - C (2) Benz Cl
P89: จัดทำโดย | R89: =IF(R59=0,"",R59) -> พีรวัส | U89: อนุมัติโดย | W89: =IF(W59=0,"",W59) -> วรพงศ์ | Z89: วันที่ | AA89: =IF(AA59=0,"",AA59) -> 46204
A91: แผน/บันทึกการบำรุงรักษาเครื่องมือและห้องสะอาด (วัน)
A92: ชื่อเครื่องมือ | B92: เครื่องบรรจุน้ำยา Plumatex 3 | H92: รหัส | I92: 0725656515047250001 | M92: สถานที่ | O92: ห้องบรรจุน้ำยา | T92: ปี | U92: =$U$2 -> 2569 | W92: ผู้รับผิดชอบ | Z92: เครือวัลย์ เปรมฤดี
A93: รายการ | B93: เดือน | C93: =C63 -> เดือน กรกฏาคม
A94: (ความถี่) | B94: วันที่ | C94: =C64 -> 1 | D94: =D64 -> 2 | E94: =E64 -> 3 | F94: =F64 -> 4 | G94: =G64 -> 5 | H94: =H64 -> 6 | I94: =I64 -> 7 | J94: =J64 -> 8 | ... AG94: =AG64 -> 31
B95: น้ำยาฆ่าเชื้อ | C95: =_xlfn.IFNA(IF(OR(C94="",C94=0),"",(VLOOKUP(B95,'น้ำยา-เครื่อง'!$A:$AF,C94+1,FALSE))),"") -> 1 | D95: =_xlfn.IFNA(IF(OR(D94="",D94=0),"",(VLOOKUP(B95,'น้ำยา-เครื่อง'!$A:$AF,D94+1,FALSE))),"") -> 1 | E95: =_xlfn.IFNA(IF(OR(E94="",E94=0),"",(VLOOKUP(B95,'น้ำยา-เครื่อง'!$A:$AF,E94+1,FALSE))),"") -> 1 | F95: =_xlfn.IFNA(IF(OR(F94="",F94=0),"",(VLOOKUP(B95,'น้ำยา-เครื่อง'!$A:$AF,F94+1,FALSE))),"") -> 0 | G95: =_xlfn.IFNA(IF(OR(G94="",G94=0),"",(VLOOKUP(B95,'น้ำยา-เครื่อง'!$A:$AF,G94+1,FALSE))),"") -> 0 | H95: =_xlfn.IFNA(IF(OR(H94="",H94=0),"",(VLOOKUP(B95,'น้ำยา-เครื่อง'!$A:$AF,H94+1,FALSE))),"") -> 2 | I95: =_xlfn.IFNA(IF(OR(I94="",I94=0),"",(VLOOKUP(B95,'น้ำยา-เครื่อง'!$A:$AF,I94+1,FALSE))),"") -> 2 | J95: =_xlfn.IFNA(IF(OR(J94="",J94=0),"",(VLOOKUP(B95,'น้ำยา-เครื่อง'!$A:$AF,J94+1,FALSE))),"") -> 2 | K95: =_xlfn.IFNA(IF(OR(K94="",K94=0),"",(VLOOKUP(B95,'น้ำยา-เครื่อง'!$A:$AF,K94+1,FALSE))),"") -> 2 | L95: =_xlfn.IFNA(IF(OR(L94="",L94=0),"",(VLOOKUP(B95,'น้ำยา-เครื่อง'!$A:$AF,L94+1,FALSE))),"") -> 2 | M95: =_xlfn.IFNA(IF(OR(M94="",M94=0),"",(VLOOKUP(B95,'น้ำยา-เครื่อง'!$A:$AF,M94+1,FALSE))),"") -> 0 | N95: =_xlfn.IFNA(IF(OR(N94="",N94=0),"",(VLOOKUP(B95,'น้ำยา-เครื่อง'!$A:$AF,N94+1,FALSE))),"") -> 0 | O95: =_xlfn.IFNA(IF(OR(O94="",O94=0),"",(VLOOKUP(B95,'น้ำยา-เครื่อง'!$A:$AF,O94+1,FALSE))),"") -> 1 | P95: =_xlfn.IFNA(IF(OR(P94="",P94=0),"",(VLOOKUP(B95,'น้ำยา-เครื่อง'!$A:$AF,P94+1,FALSE))),"") -> 1 | Q95: =_xlfn.IFNA(IF(OR(Q94="",Q94=0),"",(VLOOKUP(B95,'น้ำยา-เครื่อง'!$A:$AF,Q94+1,FALSE))),"") -> 1 | R95: =_xlfn.IFNA(IF(OR(R94="",R94=0),"",(VLOOKUP(B95,'น้ำยา-เครื่อง'!$A:$AF,R94+1,FALSE))),"") -> 1 | S95: =_xlfn.IFNA(IF(OR(S94="",S94=0),"",(VLOOKUP(B95,'น้ำยา-เครื่อง'!$A:$AF,S94+1,FALSE))),"") -> 1 | T95: =_xlfn.IFNA(IF(OR(T94="",T94=0),"",(VLOOKUP(B95,'น้ำยา-เครื่อง'!$A:$AF,T94+1,FALSE))),"") -> 0 | U95: =_xlfn.IFNA(IF(OR(U94="",U94=0),"",(VLOOKUP(B95,'น้ำยา-เครื่อง'!$A:$AF,U94+1,FALSE))),"") -> 0 | V95: =_xlfn.IFNA(IF(OR(V94="",V94=0),"",(VLOOKUP(B95,'น้ำยา-เครื่อง'!$A:$AF,V94+1,FALSE))),"") -> 2 | W95: =_xlfn.IFNA(IF(OR(W94="",W94=0),"",(VLOOKUP(B95,'น้ำยา-เครื่อง'!$A:$AF,W94+1,FALSE))),"") -> 2 | X95: =_xlfn.IFNA(IF(OR(X94="",X94=0),"",(VLOOKUP(B95,'น้ำยา-เครื่อง'!$A:$AF,X94+1,FALSE))),"") -> 2 | Y95: =_xlfn.IFNA(IF(OR(Y94="",Y94=0),"",(VLOOKUP(B95,'น้ำยา-เครื่อง'!$A:$AF,Y94+1,FALSE))),"") -> 2 | Z95: =_xlfn.IFNA(IF(OR(Z94="",Z94=0),"",(VLOOKUP(B95,'น้ำยา-เครื่อง'!$A:$AF,Z94+1,FALSE))),"") -> 2 | AA95: =_xlfn.IFNA(IF(OR(AA94="",AA94=0),"",(VLOOKUP(B95,'น้ำยา-เครื่อง'!$A:$AF,AA94+1,FALSE))),"") -> 0 | AB95: =_xlfn.IFNA(IF(OR(AB94="",AB94=0),"",(VLOOKUP(B95,'น้ำยา-เครื่อง'!$A:$AF,AB94+1,FALSE))),"") -> 0 | AC95: =_xlfn.IFNA(IF(OR(AC94="",AC94=0),"",(VLOOKUP(B95,'น้ำยา-เครื่อง'!$A:$AF,AC94+1,FALSE))),"") -> 1 | AD95: =_xlfn.IFNA(IF(OR(AD94="",AD94=0),"",(VLOOKUP(B95,'น้ำยา-เครื่อง'!$A:$AF,AD94+1,FALSE))),"") -> 1 | AE95: =_xlfn.IFNA(IF(OR(AE94="",AE94=0),"",(VLOOKUP(B95,'น้ำยา-เครื่อง'!$A:$AF,AE94+1,FALSE))),"") -> 1 | AF95: =_xlfn.IFNA(IF(OR(AF94="",AF94=0),"",(VLOOKUP(B95,'น้ำยา-เครื่อง'!$A:$AF,AF94+1,FALSE))),"") -> 1 | AG95: =_xlfn.IFNA(IF(OR(AG94="",AG94=0),"",(VLOOKUP(B95,'น้ำยา-เครื่อง'!$A:$AF,AG94+1,FALSE))),"") -> 1
A96: เช็ดทำความสะอาดด้วย alcohol 70% ชนิดกรอง , ทำ CIP ด้วย WFI, Drain น้ำ (วันที่ใช้งาน) | B96: แผน | C96: =IF(C66="","",C66) -> O | D96: =IF(D66="","",D66) | E96: =IF(E66="","",E66) | F96: =IF(F66="","",F66) | G96: =IF(G66="","",G66) | H96: =IF(H66="","",H66) | I96: =IF(I66="","",I66) -> O | J96: =IF(J66="","",J66) -> O | ... AG96: =IF(AG66="","",AG66)
B97: ผู้ปฏิบัติ | C97: =IF(C67="","",C67) | D97: =IF(D67="","",D67) | E97: =IF(E67="","",E67) | F97: =IF(F67="","",F67) | G97: =IF(G67="","",G67) | H97: =IF(H67="","",H67) | I97: =IF(I67="","",I67) | J97: =IF(J67="","",J67) | ... AG97: =IF(AG67="","",AG67)
C98: =IF(C68="","",C68) | D98: =IF(D68="","",D68) | E98: =IF(E68="","",E68) | F98: =IF(F68="","",F68) | G98: =IF(G68="","",G68) | H98: =IF(H68="","",H68) | I98: =IF(I68="","",I68) | J98: =IF(J68="","",J68) | ... AG98: =IF(AG68="","",AG68)
A99: ฆ่าเชื้อด้วย SIP ( 1 สัปดาห์) | B99: แผน | C99: =IF(C69="","",C69) | D99: =IF(D69="","",D69) | E99: =IF(E69="","",E69) | F99: =IF(F69="","",F69) | G99: =IF(G69="","",G69) | H99: =IF(H69="","",H69) -> O | I99: =IF(I69="","",I69) | K99: =IF(K69="","",K69) | L99: =IF(L69="","",L69) | M99: =IF(M69="","",M69) | N99: =IF(N69="","",N69) | O99: =IF(O69="","",O69) -> O | P99: =IF(P69="","",P69) | Q99: =IF(Q69="","",Q69) | R99: =IF(R69="","",R69) | ... AG99: =IF(AG69="","",AG69)
B100: ผู้ปฏิบัติ | C100: =IF(C70="","",C70) | D100: =IF(D70="","",D70) | E100: =IF(E70="","",E70) | F100: =IF(F70="","",F70) | G100: =IF(G70="","",G70) | H100: =IF(H70="","",H70) | I100: =IF(I70="","",I70) | J100: =IF(J70="","",J70) | ... AG100: =IF(AG70="","",AG70)
C101: =IF(C71="","",C71) | D101: =IF(D71="","",D71) | E101: =IF(E71="","",E71) | F101: =IF(F71="","",F71) | G101: =IF(G71="","",G71) | H101: =IF(H71="","",H71) | I101: =IF(I71="","",I71) | J101: =IF(J71="","",J71) | ... AG101: =IF(AG71="","",AG71)
B102: แผน | C102: =IF(C72="","",C72) | D102: =IF(D72="","",D72) | E102: =IF(E72="","",E72) | F102: =IF(F72="","",F72) | G102: =IF(G72="","",G72) | H102: =IF(H72="","",H72) | I102: =IF(I72="","",I72) | J102: =IF(J72="","",J72) | ... AG102: =IF(AG72="","",AG72)
B103: ผู้ปฏิบัติ | C103: =IF(C73="","",C73) | D103: =IF(D73="","",D73) | E103: =IF(E73="","",E73) | F103: =IF(F73="","",F73) | G103: =IF(G73="","",G73) | H103: =IF(H73="","",H73) | I103: =IF(I73="","",I73) | J103: =IF(J73="","",J73) | ... AG103: =IF(AG73="","",AG73)
C104: =IF(C74="","",C74) | D104: =IF(D74="","",D74) | E104: =IF(E74="","",E74) | F104: =IF(F74="","",F74) | G104: =IF(G74="","",G74) | H104: =IF(H74="","",H74) | I104: =IF(I74="","",I74) | J104: =IF(J74="","",J74) | ... AG104: =IF(AG74="","",AG74)
A105: รายการ | B105: เดือน | C105: =C75 -> เดือน สิงหาคม
A106: (ความถี่) | B106: วันที่ | C106: =C76 -> 1 | D106: =D76 -> 2 | E106: =E76 -> 3 | F106: =F76 -> 4 | G106: =G76 -> 5 | H106: =H76 -> 6 | I106: =I76 -> 7 | J106: =J76 -> 8 | ... AG106: =AG76 -> 0
B107: น้ำยาฆ่าเชื้อ | C107: =_xlfn.IFNA(IF(OR(C106="",C106=0),"",(VLOOKUP($B107,'น้ำยา-เครื่อง'!$A$14:$AF$23,C106+1,FALSE))),"") -> 0 | D107: =_xlfn.IFNA(IF(OR(D106="",D106=0),"",(VLOOKUP($B107,'น้ำยา-เครื่อง'!$A$14:$AF$23,D106+1,FALSE))),"") -> 0 | E107: =_xlfn.IFNA(IF(OR(E106="",E106=0),"",(VLOOKUP($B107,'น้ำยา-เครื่อง'!$A$14:$AF$23,E106+1,FALSE))),"") -> 2 | F107: =_xlfn.IFNA(IF(OR(F106="",F106=0),"",(VLOOKUP($B107,'น้ำยา-เครื่อง'!$A$14:$AF$23,F106+1,FALSE))),"") -> 2 | G107: =_xlfn.IFNA(IF(OR(G106="",G106=0),"",(VLOOKUP($B107,'น้ำยา-เครื่อง'!$A$14:$AF$23,G106+1,FALSE))),"") -> 2 | H107: =_xlfn.IFNA(IF(OR(H106="",H106=0),"",(VLOOKUP($B107,'น้ำยา-เครื่อง'!$A$14:$AF$23,H106+1,FALSE))),"") -> 2 | I107: =_xlfn.IFNA(IF(OR(I106="",I106=0),"",(VLOOKUP($B107,'น้ำยา-เครื่อง'!$A$14:$AF$23,I106+1,FALSE))),"") -> 2 | J107: =_xlfn.IFNA(IF(OR(J106="",J106=0),"",(VLOOKUP($B107,'น้ำยา-เครื่อง'!$A$14:$AF$23,J106+1,FALSE))),"") -> 0 | ... AG107: =_xlfn.IFNA(IF(OR(AG106="",AG106=0),"",(VLOOKUP($B107,'น้ำยา-เครื่อง'!$A$14:$AF$23,AG106+1,FALSE))),"")
A108: เช็ดทำความสะอาดด้วย alcohol 70% ชนิดกรอง , ทำ CIP ด้วย WFI, Drain น้ำ (วันที่ใช้งาน) | B108: แผน | C108: =IF(C78="","",C78) | D108: =IF(D78="","",D78) | E108: =IF(E78="","",E78) | F108: =IF(F78="","",F78) -> O | G108: =IF(G78="","",G78) -> O | H108: =IF(H78="","",H78) -> O | I108: =IF(I78="","",I78) | J108: =IF(J78="","",J78) | ... AG108: =IF(AG78="","",AG78)
B109: ผู้ปฏิบัติ | C109: =IF(C79="","",C79) | D109: =IF(D79="","",D79) | E109: =IF(E79="","",E79) | F109: =IF(F79="","",F79) | G109: =IF(G79="","",G79) | H109: =IF(H79="","",H79) | I109: =IF(I79="","",I79) | J109: =IF(J79="","",J79) | ... AG109: =IF(AG79="","",AG79)
C110: =IF(C80="","",C80) | D110: =IF(D80="","",D80) | E110: =IF(E80="","",E80) | F110: =IF(F80="","",F80) | G110: =IF(G80="","",G80) | H110: =IF(H80="","",H80) | I110: =IF(I80="","",I80) | J110: =IF(J80="","",J80) | ... AG110: =IF(AG80="","",AG80)
A111: ฆ่าเชื้อด้วย SIP ( 1 สัปดาห์) | B111: แผน | C111: =IF(C81="","",C81) | D111: =IF(D81="","",D81) | E111: =IF(E81="","",E81) -> O | F111: =IF(F81="","",F81) | G111: =IF(G81="","",G81) | H111: =IF(H81="","",H81) | I111: =IF(I81="","",I81) | J111: =IF(J81="","",J81) | ... AG111: =IF(AG81="","",AG81)
B112: ผู้ปฏิบัติ | C112: =IF(C82="","",C82) | D112: =IF(D82="","",D82) | E112: =IF(E82="","",E82) | F112: =IF(F82="","",F82) | G112: =IF(G82="","",G82) | H112: =IF(H82="","",H82) | I112: =IF(I82="","",I82) | J112: =IF(J82="","",J82) | ... AG112: =IF(AG82="","",AG82)
C113: =IF(C83="","",C83) | D113: =IF(D83="","",D83) | E113: =IF(E83="","",E83) | F113: =IF(F83="","",F83) | G113: =IF(G83="","",G83) | H113: =IF(H83="","",H83) | I113: =IF(I83="","",I83) | J113: =IF(J83="","",J83) | ... AG113: =IF(AG83="","",AG83)
B114: แผน | C114: =IF(C84="","",C84) | D114: =IF(D84="","",D84) | E114: =IF(E84="","",E84) | F114: =IF(F84="","",F84) | G114: =IF(G84="","",G84) | H114: =IF(H84="","",H84) | I114: =IF(I84="","",I84) | J114: =IF(J84="","",J84) | ... AG114: =IF(AG84="","",AG84)
B115: ผู้ปฏิบัติ | C115: =IF(C85="","",C85) | D115: =IF(D85="","",D85) | E115: =IF(E85="","",E85) | F115: =IF(F85="","",F85) | G115: =IF(G85="","",G85) | H115: =IF(H85="","",H85) | I115: =IF(I85="","",I85) | J115: =IF(J85="","",J85) | ... AG115: =IF(AG85="","",AG85)
C116: =IF(C86="","",C86) | D116: =IF(D86="","",D86) | E116: =IF(E86="","",E86) | F116: =IF(F86="","",F86) | G116: =IF(G86="","",G86) | H116: =IF(H86="","",H86) | I116: =IF(I86="","",I86) | J116: =IF(J86="","",J86) | ... AG116: =IF(AG86="","",AG86)
A117: หมายเหตุ วงกลม (O) หมายถึง สัปดาห์ที่ต้องทำการบำรุงรักษาเครื่องมือหรือห้องสะอาด เมื่อดำเนินการตามแผนแล้ว ให้ทำเครื่องหมายถูก (/) ในวงกลมที่ระบุ | W117: น้ำยาฆ่าเชื้อ (1) Chlorhex - C (2) Benz Cl
P119: จัดทำโดย | R119: =IF(R89=0,"",R89) -> พีรวัส | U119: อนุมัติโดย | W119: =IF(W89=0,"",W89) -> วรพงศ์ | Z119: วันที่ | AA119: =IF(AA89=0,"",AA89) -> 46204
A121: แผน/บันทึกการบำรุงรักษาเครื่องมือและห้องสะอาด (วัน)
A122: ชื่อเครื่องมือ | B122: เครื่อง Overwrap (Henkovac) | H122: รหัส | I122: SUP 53-3540-009-1 | M122: สถานที่ | O122: ห้อง Pasteurization | T122: ปี | U122: =$U$2 -> 2569 | W122: ผู้รับผิดชอบ | Z122: เจ้าหน้าที่ใช้งาน
A123: รายการ | B123: เดือน | C123: =C3 -> เดือน กรกฏาคม
A124: (ความถี่) | B124: วันที่ | C124: =C4 -> 1 | D124: =D4 -> 2 | E124: =E4 -> 3 | F124: =F4 -> 4 | G124: =G4 -> 5 | H124: =H4 -> 6 | I124: =I4 -> 7 | J124: =J4 -> 8 | ... AG124: =AG4 -> 31
C125: =_xlfn.IFNA(IF(OR(C124="",C124=0),"",(VLOOKUP(B125,'น้ำยา-เครื่อง'!$A:$AF,C124+1,FALSE))),"") | D125: =_xlfn.IFNA(IF(OR(D124="",D124=0),"",(VLOOKUP(B125,'น้ำยา-เครื่อง'!$A:$AF,D124+1,FALSE))),"") | E125: =_xlfn.IFNA(IF(OR(E124="",E124=0),"",(VLOOKUP(B125,'น้ำยา-เครื่อง'!$A:$AF,E124+1,FALSE))),"") | F125: =_xlfn.IFNA(IF(OR(F124="",F124=0),"",(VLOOKUP(B125,'น้ำยา-เครื่อง'!$A:$AF,F124+1,FALSE))),"") | G125: =_xlfn.IFNA(IF(OR(G124="",G124=0),"",(VLOOKUP(B125,'น้ำยา-เครื่อง'!$A:$AF,G124+1,FALSE))),"") | H125: =_xlfn.IFNA(IF(OR(H124="",H124=0),"",(VLOOKUP(B125,'น้ำยา-เครื่อง'!$A:$AF,H124+1,FALSE))),"") | I125: =_xlfn.IFNA(IF(OR(I124="",I124=0),"",(VLOOKUP(B125,'น้ำยา-เครื่อง'!$A:$AF,I124+1,FALSE))),"") | J125: =_xlfn.IFNA(IF(OR(J124="",J124=0),"",(VLOOKUP(B125,'น้ำยา-เครื่อง'!$A:$AF,J124+1,FALSE))),"") | K125: =_xlfn.IFNA(IF(OR(K124="",K124=0),"",(VLOOKUP(B125,'น้ำยา-เครื่อง'!$A:$AF,K124+1,FALSE))),"") | L125: =_xlfn.IFNA(IF(OR(L124="",L124=0),"",(VLOOKUP(B125,'น้ำยา-เครื่อง'!$A:$AF,L124+1,FALSE))),"") | M125: =_xlfn.IFNA(IF(OR(M124="",M124=0),"",(VLOOKUP(B125,'น้ำยา-เครื่อง'!$A:$AF,M124+1,FALSE))),"") | N125: =_xlfn.IFNA(IF(OR(N124="",N124=0),"",(VLOOKUP(B125,'น้ำยา-เครื่อง'!$A:$AF,N124+1,FALSE))),"") | O125: =_xlfn.IFNA(IF(OR(O124="",O124=0),"",(VLOOKUP(B125,'น้ำยา-เครื่อง'!$A:$AF,O124+1,FALSE))),"") | P125: =_xlfn.IFNA(IF(OR(P124="",P124=0),"",(VLOOKUP(B125,'น้ำยา-เครื่อง'!$A:$AF,P124+1,FALSE))),"") | Q125: =_xlfn.IFNA(IF(OR(Q124="",Q124=0),"",(VLOOKUP(B125,'น้ำยา-เครื่อง'!$A:$AF,Q124+1,FALSE))),"") | R125: =_xlfn.IFNA(IF(OR(R124="",R124=0),"",(VLOOKUP(B125,'น้ำยา-เครื่อง'!$A:$AF,R124+1,FALSE))),"") | S125: =_xlfn.IFNA(IF(OR(S124="",S124=0),"",(VLOOKUP(B125,'น้ำยา-เครื่อง'!$A:$AF,S124+1,FALSE))),"") | T125: =_xlfn.IFNA(IF(OR(T124="",T124=0),"",(VLOOKUP(B125,'น้ำยา-เครื่อง'!$A:$AF,T124+1,FALSE))),"") | U125: =_xlfn.IFNA(IF(OR(U124="",U124=0),"",(VLOOKUP(B125,'น้ำยา-เครื่อง'!$A:$AF,U124+1,FALSE))),"") | V125: =_xlfn.IFNA(IF(OR(V124="",V124=0),"",(VLOOKUP(B125,'น้ำยา-เครื่อง'!$A:$AF,V124+1,FALSE))),"") | W125: =_xlfn.IFNA(IF(OR(W124="",W124=0),"",(VLOOKUP(B125,'น้ำยา-เครื่อง'!$A:$AF,W124+1,FALSE))),"") | X125: =_xlfn.IFNA(IF(OR(X124="",X124=0),"",(VLOOKUP(B125,'น้ำยา-เครื่อง'!$A:$AF,X124+1,FALSE))),"") | Y125: =_xlfn.IFNA(IF(OR(Y124="",Y124=0),"",(VLOOKUP(B125,'น้ำยา-เครื่อง'!$A:$AF,Y124+1,FALSE))),"") | Z125: =_xlfn.IFNA(IF(OR(Z124="",Z124=0),"",(VLOOKUP(B125,'น้ำยา-เครื่อง'!$A:$AF,Z124+1,FALSE))),"") | AA125: =_xlfn.IFNA(IF(OR(AA124="",AA124=0),"",(VLOOKUP(B125,'น้ำยา-เครื่อง'!$A:$AF,AA124+1,FALSE))),"") | AB125: =_xlfn.IFNA(IF(OR(AB124="",AB124=0),"",(VLOOKUP(B125,'น้ำยา-เครื่อง'!$A:$AF,AB124+1,FALSE))),"") | AC125: =_xlfn.IFNA(IF(OR(AC124="",AC124=0),"",(VLOOKUP(B125,'น้ำยา-เครื่อง'!$A:$AF,AC124+1,FALSE))),"") | AD125: =_xlfn.IFNA(IF(OR(AD124="",AD124=0),"",(VLOOKUP(B125,'น้ำยา-เครื่อง'!$A:$AF,AD124+1,FALSE))),"") | AE125: =_xlfn.IFNA(IF(OR(AE124="",AE124=0),"",(VLOOKUP(B125,'น้ำยา-เครื่อง'!$A:$AF,AE124+1,FALSE))),"") | AF125: =_xlfn.IFNA(IF(OR(AF124="",AF124=0),"",(VLOOKUP(B125,'น้ำยา-เครื่อง'!$A:$AF,AF124+1,FALSE))),"") | AG125: =_xlfn.IFNA(IF(OR(AG124="",AG124=0),"",(VLOOKUP(B125,'น้ำยา-เครื่อง'!$A:$AF,AG124+1,FALSE))),"")
A126: เช็คทำความสะอาดด้วย alcohol 95% (วันที่ใช้งาน) | B126: แผน
...

Sheet น้ำยา-เครื่อง
B1: น้ำยา
B2: =Monthly!C3 -> เดือน กรกฏาคม
B3: =Monthly!C4 -> 1 | C3: =Monthly!D4 -> 2 | D3: =Monthly!E4 -> 3 | E3: =Monthly!F4 -> 4 | F3: =Monthly!G4 -> 5 | G3: =Monthly!H4 -> 6 | H3: =Monthly!I4 -> 7 | I3: =Monthly!J4 -> 8 | ... AE3: =Monthly!AF4 -> 30 | AF3: 31
A4: น้ำยาฆ่าเชื้อ | B4: 1 | C4: 1 | D4: 1 | G4: 2 | H4: 2 | I4: 2 | J4: 2 | K4: 2 | N4: 1 | O4: 1 | P4: 1 | Q4: 1 | R4: 1 | U4: 2 | V4: 2 | W4: 2 | X4: 2 | Y4: 2 | AB4: 1 | AC4: 1 | AD4: 1 | AE4: 1 | AF4: 1
A5: เครื่อง | B5: 1 | C5: 1 | D5: 1 | E5: 2 | F5: 3 | G5: 1 | H5: 1 | I5: 1 | J5: 1 | K5: 1 | L5: 2 | M5: 3 | N5: 1 | O5: 1 | P5: 1 | Q5: 1 | R5: 1 | S5: 2 | T5: 3 | U5: 1 | V5: 1 | W5: 1 | X5: 1 | Y5: 1 | Z5: 2 | AA5: 3 | AB5: 1 | AC5: 1 | AD5: 1 | AE5: 1 | AF5: 1
A8: แผน D | C8: O | D8: O | E8: O | F8: O | G8: O | J8: O | K8: O | L8: O | M8: O | N8: O | Q8: O | R8: O | S8: O | T8: O | U8: O | X8: O | Y8: O | Z8: O | AA8: O | AB8: O | AE8: O
A9: แผน M
A10: แผน DnD
B15: เครื่อง
B16: =Monthly!C15 -> เดือน สิงหาคม
B17: =Monthly!C16 -> 1 | C17: =Monthly!D16 -> 2 | D17: =Monthly!E16 -> 3 | E17: =Monthly!F16 -> 4 | F17: =Monthly!G16 -> 5 | G17: =Monthly!H16 -> 6 | H17: =Monthly!I16 -> 7 | I17: =Monthly!J16 -> 8 | ... AC17: =Monthly!AD16 -> 28 | AD17: 29 | AE17: 30 | AF17: 31
A18: น้ำยาฆ่าเชื้อ | D18: 2 | E18: 2 | F18: 2 | G18: 2 | H18: 2 | K18: 1 | L18: 1 | M18: 1 | N18: 1 | O18: 1 | R18: 2 | S18: 2 | T18: 2 | U18: 2 | V18: 2 | Y18: 1 | Z18: 1 | AA18: 1 | AB18: 1 | AC18: 1 | AF18: 2
A19: เครื่อง | B19: 2 | C19: 3 | D19: 1 | E19: 1 | F19: 1 | G19: 1 | H19: 1 | I19: 2 | J19: 3 | K19: 1 | L19: 1 | M19: 1 | N19: 1 | O19: 1 | P19: 2 | Q19: 3 | R19: 1 | S19: 1 | T19: 1 | U19: 1 | V19: 1 | W19: 2 | X19: 3 | Y19: 1 | Z19: 1 | AA19: 1 | AB19: 1 | AC19: 1 | AD19: 2 | AE19: 3 | AF19: 1
A21: แผน | B21: =B17 -> 1 | C21: =C17 -> 2 | D21: =D17 -> 3 | E21: =E17 -> 4 | F21: =F17 -> 5 | G21: =G17 -> 6 | H21: =H17 -> 7 | I21: =I17 -> 8 | ... AF21: =AF17 -> 31
A22: แผน D

Sheet List Cleanroom
A1: รายการบำรุงรักษา | B1: Cleanroom
A2: ชื่อเครื่องมือ | B2: ห้อง Cleanroom | H2: รหัส | I2: BR 1 – BR 51 | M2: สถานที่ | O2: ห้องสะอาด | T2: ปี | U2: 2566 | W2: ผู้รับผิดชอบ | Z2: Global tech, ประเสริฐพงษ์
A4: ราย | B4: ความถี่ | C4: หน่วย
A7: - ทำความสะอาดด้านบนเพดานคลีนรูมและ cat walk | B7: 6 | C7: เดือน
A8: - บำรุงรักษา AHU และตู้ควบคุมไฟฟ้าโดยบริษัท | B8: 3 | C8: เดือน
A9: - บำรุงรักษา air shower, pass box โดยบริษัท | B9: 3 | C9: เดือน
A10: - เปลี่ยน prefilter | B10: 6 | C10: เดือน
A11: - เปลี่ยนลูกปืนมอเตอร์ | B11: 5 | C11: ปี

Sheet List T1
A1: รายการบำรุงรักษา | B1: Cleanroom
A2: ชื่อเครื่องมือ | B2: เครื่อง Thermoforming machine | H2: รหัส | I2: 0725606530021150002 | M2: สถานที่ | O2: ห้องแพคกิ้ง | T2: ปี | U2: 2566 | W2: ผู้รับผิดชอบ | Z2: บ.Goodtime , ประเสริฐพงษ์
A4: ราย | B4: ความถี่ | C4: หน่วย
A7: หัวข้อการบำรุงรักษาโดยบริษัททุก 3 เดือน | B7: 3 | C7: เดือน
A8: 1.ตรวจเช็คอุปกรณ์ safety valve
A9: 2.ทำความสะอาดตัวกรอง ท่อทางเดินไอน้ำ (Strainer)
A10: 3.ตรวจเช็คและถอดล้าง Stream trap ทุกตัว
A11: 4.ตรวจเช็ครอยรั่วตามข้อต่อต่างๆ
A12: 5.ตรวจเช็คทำความสะอาดยางขอบประตูและข้อต่อของระบบเปิดปิดประตู
A13: 6.ตรวจเช็คและทำความสะอาดหม้อต้มผลิตไอน้ำ
A14: 7.ตรวจสอบการทำงานของ vacuum pump และระดับการ vacuum
A15: 8.ตรวจเช็คระบบควบคุมทุกตัว, ย้ำสายไฟตามจุดต่อสายต่างๆ
A16: 9.ตรวจเช็คการทำงานของระบบ Pneumatic valve และระดับน้ำมัน Hydraulic
A17: 10.ตรวจสอบแรงดันและอุณหภูมิของโปรแกรมที่ทำงานจริง
A18: หัวข้อการบำรุงรักษาโดยบริษัททุก 1 ปี
A19: 11.เปลี่ยน Sterile air filter

Sheet List AC6
A1: รายการบำรุงรักษา | B1: Cleanroom
A2: ชื่อเครื่องมือ | B2: เครื่องผลิตอากาศอัด | H2: รหัส | I2: - | M2: สถานที่ | O2: ห้องปั๊มลม ชั้น 6 | T2: ปี | U2: 2566 | W2: ผู้รับผิดชอบ | Z2: บ. U Social Autom.
A4: ราย | B4: ความถี่
A7: - เปลี่ยนไส้กรอง Air inlet filter และ filter inline | B7: 1 ปี
A8: - เปลี่ยนสายพาน V belt และเช็ควาล์ว | B8: 2 ปี
A9: - ทำความสะอาดพัดลม ท่อพัดลม และแผงระบายความร้อน | B9: 2 ปี
A10: - หล่อลื่นแบริ่งสโครลตัวล่างที่เคลื่อนที่ | B10: 2 ปี
A11: - เปลี่ยนท่อขาออกและพลาสติกภายในท่อ | B11: 4 ปี
A12: - หล่อลื่นแบริ่งขาข้อเหวี่ยง (pin crank) | B12: 4 ปี
A13: - เปลี่ยนซีลตางๆ Tip seals dust seal และ inlet seal | B13: 4 ปี
